-- SET NAMES utf8mb4
SET NAMES utf8mb4;
SET CHARACTER SET utf8mb4;

-- Create Database
CREATE DATABASE IF NOT EXISTS school_system CHARACTER SET utf8mb4 COLLATE utf8mb4_general_ci;
USE school_system;

-- (1) 课程介绍信息表 test
CREATE TABLE `test` (
    `tid` INT AUTO_INCREMENT PRIMARY KEY,
    `ttitle` VARCHAR(255) NOT NULL COMMENT '标题',
    `tcontent` TEXT COMMENT '课程信息描述'
) ENGINE=InnoDB DEFAULT CHARSET=utf8mb4;

-- (2) 班级信息表 classes
CREATE TABLE `classes` (
    `cid` INT AUTO_INCREMENT PRIMARY KEY,
    `cname` VARCHAR(100) NOT NULL COMMENT '名称',
    `cdescript` VARCHAR(255) COMMENT '班级描述'
) ENGINE=InnoDB DEFAULT CHARSET=utf8mb4;

-- (3) 教师用户信息表 teacher
CREATE TABLE `teacher` (
    `tid` INT AUTO_INCREMENT PRIMARY KEY,
    `tname` VARCHAR(50) NOT NULL COMMENT '姓名',
    `tpassword` VARCHAR(100) NOT NULL COMMENT '密码',
    `tdate` DATE COMMENT '出生日期',
    `tpic` VARCHAR(255) COMMENT '教师照片',
    `tdescript` TEXT COMMENT '教师描述',
    `tno` VARCHAR(50) UNIQUE NOT NULL COMMENT '教师编号'
) ENGINE=InnoDB DEFAULT CHARSET=utf8mb4;

-- (4) 学生用户信息表 user
CREATE TABLE `user` (
    `uid` INT AUTO_INCREMENT PRIMARY KEY,
    `username` VARCHAR(50) NOT NULL COMMENT '姓名',
    `userpassword` VARCHAR(100) NOT NULL COMMENT '密码',
    `usersex` VARCHAR(10) COMMENT '性别',
    `userno` VARCHAR(50) UNIQUE NOT NULL COMMENT '学生编号',
    `userdescript` TEXT COMMENT '学生描述',
    `class_id` INT COMMENT '班级id',
    `upic` VARCHAR(255) COMMENT '学生照片',
    `youxiuok` VARCHAR(10) DEFAULT '否' COMMENT '是否优先/优秀',
    `checkedok` VARCHAR(10) DEFAULT '待审核' COMMENT '是否审核通过',
    `classname` VARCHAR(100) COMMENT '班级名称',
    FOREIGN KEY (`class_id`) REFERENCES `classes`(`cid`) ON DELETE SET NULL
) ENGINE=InnoDB DEFAULT CHARSET=utf8mb4;

-- (5) 教学内容信息表 course
CREATE TABLE `course` (
    `cid` INT AUTO_INCREMENT PRIMARY KEY,
    `ctitle` VARCHAR(255) NOT NULL COMMENT '教学内容名称',
    `ccontent` TEXT COMMENT '教学内容',
    `efile` VARCHAR(255) COMMENT '相关文件'
) ENGINE=InnoDB DEFAULT CHARSET=utf8mb4;

-- (6) 实验内容信息表 experiment
CREATE TABLE `experiment` (
    `eid` INT AUTO_INCREMENT PRIMARY KEY,
    `etitle` VARCHAR(255) NOT NULL COMMENT '实验内容名称',
    `econtent` TEXT COMMENT '实验内容',
    `efile` VARCHAR(255) COMMENT '相关文件'
) ENGINE=InnoDB DEFAULT CHARSET=utf8mb4;

-- (7) 互动交流信息表 interaction
CREATE TABLE `interaction` (
    `id` INT AUTO_INCREMENT PRIMARY KEY,
    `name` VARCHAR(50) COMMENT '名字',
    `comask` TEXT COMMENT '提问内容',
    `asktime` DATETIME COMMENT '提问时间',
    `replname` VARCHAR(50) COMMENT '回答者姓名',
    `comrepl` TEXT COMMENT '回答内容',
    `repltime` DATETIME COMMENT '回答时间'
) ENGINE=InnoDB DEFAULT CHARSET=utf8mb4;

-- (8) 技术动态信息表 news
CREATE TABLE `news` (
    `nid` INT AUTO_INCREMENT PRIMARY KEY,
    `newstitle` VARCHAR(255) NOT NULL COMMENT '标题',
    `newscontent` TEXT COMMENT '内容',
    `newsdate` DATETIME COMMENT '时间'
) ENGINE=InnoDB DEFAULT CHARSET=utf8mb4;

-- (9) 试卷表 exam
CREATE TABLE `exam` (
    `exam_id` INT AUTO_INCREMENT PRIMARY KEY,
    `exam_title` VARCHAR(255) NOT NULL COMMENT '试卷标题',
    `course_id` INT COMMENT '关联的课程介绍ID(test表tid)',
    `course_name` VARCHAR(255) COMMENT '关联课程名称',
    `duration_minutes` INT NOT NULL DEFAULT 60 COMMENT '限时时长(分钟)',
    `pass_score` DECIMAL(5,2) NOT NULL DEFAULT 60.00 COMMENT '及格线',
    `total_score` DECIMAL(6,2) NOT NULL DEFAULT 100.00 COMMENT '总分',
    `status` VARCHAR(20) NOT NULL DEFAULT 'DRAFT' COMMENT '状态：DRAFT草稿/PUBLISHED已发布/CLOSED已截止',
    `max_attempts` INT NOT NULL DEFAULT 1 COMMENT '每位学生最大作答次数',
    `scoring_rule` VARCHAR(20) NOT NULL DEFAULT 'ALL_OR_NOTHING' COMMENT '多选题判分规则：ALL_OR_NOTHING全对得分/PROPORTIONAL按比例得分',
    `start_time` DATETIME COMMENT '生效开始时间',
    `end_time` DATETIME COMMENT '截止时间',
    `created_by` INT COMMENT '创建教师ID',
    `created_by_name` VARCHAR(50) COMMENT '创建教师姓名',
    `created_at` DATETIME NOT NULL DEFAULT CURRENT_TIMESTAMP COMMENT '创建时间',
    `updated_at` DATETIME NOT NULL DEFAULT CURRENT_TIMESTAMP ON UPDATE CURRENT_TIMESTAMP COMMENT '更新时间'
) ENGINE=InnoDB DEFAULT CHARSET=utf8mb4 COMMENT='试卷表';

-- (10) 试卷题目表 exam_question
CREATE TABLE `exam_question` (
    `question_id` INT AUTO_INCREMENT PRIMARY KEY,
    `exam_id` INT NOT NULL COMMENT '所属试卷ID',
    `question_type` VARCHAR(20) NOT NULL DEFAULT 'SINGLE' COMMENT '题目类型：SINGLE单选/MULTIPLE多选',
    `question_text` TEXT NOT NULL COMMENT '题干',
    `score` DECIMAL(5,2) NOT NULL DEFAULT 10.00 COMMENT '分值',
    `sort_order` INT NOT NULL DEFAULT 0 COMMENT '排序',
    `analysis` TEXT COMMENT '题目解析',
    `created_at` DATETIME NOT NULL DEFAULT CURRENT_TIMESTAMP COMMENT '创建时间',
    INDEX `idx_exam_id` (`exam_id`)
) ENGINE=InnoDB DEFAULT CHARSET=utf8mb4 COMMENT='试卷题目表';

-- (11) 题目选项表 exam_option
CREATE TABLE `exam_option` (
    `option_id` INT AUTO_INCREMENT PRIMARY KEY,
    `question_id` INT NOT NULL COMMENT '所属题目ID',
    `option_label` VARCHAR(10) NOT NULL COMMENT '选项标签(A/B/C/D等)',
    `option_text` TEXT NOT NULL COMMENT '选项内容',
    `is_correct` TINYINT(1) NOT NULL DEFAULT 0 COMMENT '是否为正确答案：0否/1是',
    `sort_order` INT NOT NULL DEFAULT 0 COMMENT '排序',
    INDEX `idx_question_id` (`question_id`)
) ENGINE=InnoDB DEFAULT CHARSET=utf8mb4 COMMENT='题目选项表';

-- (12) 作答记录表 exam_attempt
CREATE TABLE `exam_attempt` (
    `attempt_id` INT AUTO_INCREMENT PRIMARY KEY,
    `exam_id` INT NOT NULL COMMENT '试卷ID',
    `student_id` INT NOT NULL COMMENT '学生ID',
    `student_name` VARCHAR(50) COMMENT '学生姓名',
    `student_no` VARCHAR(50) COMMENT '学号',
    `attempt_no` INT NOT NULL DEFAULT 1 COMMENT '第几次作答',
    `score` DECIMAL(6,2) COMMENT '得分',
    `total_score` DECIMAL(6,2) COMMENT '试卷总分(快照)',
    `time_spent_seconds` INT COMMENT '用时(秒)',
    `is_submitted` TINYINT(1) NOT NULL DEFAULT 0 COMMENT '是否已提交：0否/1是',
    `is_timeout` TINYINT(1) NOT NULL DEFAULT 0 COMMENT '是否超时：0否/1是',
    `start_time` DATETIME COMMENT '开始答题时间',
    `submit_time` DATETIME COMMENT '提交时间',
    `created_at` DATETIME NOT NULL DEFAULT CURRENT_TIMESTAMP COMMENT '创建时间',
    INDEX `idx_exam_student` (`exam_id`, `student_id`),
    INDEX `idx_student_id` (`student_id`)
) ENGINE=InnoDB DEFAULT CHARSET=utf8mb4 COMMENT='作答记录表';

-- (13) 答题详情表 exam_answer
CREATE TABLE `exam_answer` (
    `answer_id` INT AUTO_INCREMENT PRIMARY KEY,
    `attempt_id` INT NOT NULL COMMENT '作答记录ID',
    `question_id` INT NOT NULL COMMENT '题目ID',
    `question_text` TEXT COMMENT '题干(快照)',
    `question_type` VARCHAR(20) COMMENT '题目类型(快照)',
    `score` DECIMAL(5,2) COMMENT '题目分值(快照)',
    `student_answers` VARCHAR(255) COMMENT '学生答案(逗号分隔，如A,C)',
    `correct_answers` VARCHAR(255) COMMENT '正确答案(快照，逗号分隔)',
    `option_snapshot` TEXT COMMENT '选项内容快照(JSON)',
    `analysis` TEXT COMMENT '题目解析(快照)',
    `is_correct` TINYINT(1) COMMENT '是否正确：0否/1是',
    `actual_score` DECIMAL(5,2) COMMENT '实际得分',
    INDEX `idx_attempt_id` (`attempt_id`)
) ENGINE=InnoDB DEFAULT CHARSET=utf8mb4 COMMENT='答题详情表';

-- Seeding Data (30 records per table)

-- Classes
INSERT INTO `classes` (cname, cdescript) VALUES 
('计算机2101', '计算机科学与技术班'), ('计算机2102', '计算机科学与技术班'), ('软件2101', '软件工程实验班'), ('软件2102', '软件工程普通班'), ('网络2101', '网络工程班'),
('大数据2101', '大数据技术班'), ('AI2101', '人工智能实验班'), ('物联网2101', '物联网工程班'), ('安防2101', '信息安全班'), ('通信2101', '通信工程班'),
('自动化2101', '自动化技术班'), ('电子2101', '电子信息班'), ('机械2101', '机械制造班'), ('土木2101', '土木工程班'), ('建筑2101', '建筑设计班'),
('管理2101', '工商管理班'), ('会计2101', '财务会计班'), ('金融2101', '金融学班'), ('法律2101', '法学班'), ('外语2101', '英语专业班'),
('数学2101', '数学应用班'), ('物理2101', '物理实验班'), ('化学2101', '应用化学班'), ('生物2101', '生物工程班'), ('艺术2101', '美学设计班'),
('体育2101', '体育教育班'), ('音乐2101', '音乐表演班'), ('舞蹈2101', '舞蹈编导班'), ('表演2101', '戏剧影视班'), ('新闻2101', '新闻传播班');

-- Teachers
INSERT INTO `teacher` (tname, tpassword, tdate, tpic, tdescript, tno) VALUES 
('张老师', '123456', '1980-05-12', 't1.jpg', '高级讲师，擅长Java开发', 'T001'), 
('李老师', '123456', '1982-08-20', 't2.jpg', '副教授，专研数据库系统', 'T002'),
('王老师', '123456', '1975-03-15', 't3.jpg', '资深专家，区块链方向', 'T003'),
('赵老师', '123456', '1988-11-22', 't4.jpg', '博士，人工智能专家', 'T004'),
('孙老师', '123456', '1983-02-10', 't5.jpg', '软件工程师，实战经验丰富', 'T005'),
('周老师', '123456', '1979-06-30', 't6.jpg', '网络安全顾问', 'T006'),
('吴老师', '123456', '1985-09-05', 't7.jpg', '移动开发专家', 'T007'),
('郑老师', '123456', '1981-12-12', 't8.jpg', '由于云计算领域研究', 'T008'),
('冯老师', '123456', '1977-04-18', 't9.jpg', '计算机图形学专家', 'T009'),
('陈老师', '123456', '1984-07-25', 't10.jpg', '编译原理权威', 'T010'),
('褚老师', '123456', '1986-10-01', 't11.jpg', '操作系统研究员', 'T011'),
('卫老师', '123456', '1980-01-20', 't12.jpg', '嵌入式系统专家', 'T012'),
('蒋老师', '123456', '1978-05-15', 't13.jpg', '分布式计算专家', 'T013'),
('沈老师', '123456', '1982-03-03', 't14.jpg', '数据挖掘专家', 'T014'),
('韩老师', '123456', '1989-08-08', 't15.jpg', '机器学习研究员', 'T015'),
('杨老师', '123456', '1983-12-25', 't16.jpg', '计算机视觉专家', 'T016'),
('朱老师', '123456', '1987-06-12', 't17.jpg', 'NLP自然语言处理专家', 'T017'),
('秦老师', '123456', '1981-09-30', 't18.jpg', '信息检索专家', 'T018'),
('尤老师', '123456', '1976-11-11', 't19.jpg', '人机交互专家', 'T019'),
('许老师', '123456', '1985-02-14', 't20.jpg', '软件测试专家', 'T020'),
('何老师', '123456', '1980-04-01', 't21.jpg', '项目管理专家', 'T021'),
('吕老师', '123456', '1988-07-07', 't22.jpg', '敏捷开发教练', 'T022'),
('施老师', '123456', '1982-10-10', 't23.jpg', 'DevOps架构师', 'T023'),
('张三老师', '123456', '1984-05-20', 't24.jpg', '全栈开发工程师', 'T024'),
('孔老师', '123456', '1979-08-15', 't25.jpg', '系统架构师', 'T025'),
('曹老师', '123456', '1981-01-05', 't26.jpg', '微服务专家', 'T026'),
('严老师', '123456', '1983-09-18', 't27.jpg', '大数据分析师', 'T027'),
('华老师', '123456', '1986-12-30', 't28.jpg', '前端高级开发', 'T028'),
('金老师', '123456', '1980-02-28', 't29.jpg', 'UI/UX设计师', 'T029'),
('魏老师', '123456', '1987-04-12', 't30.jpg', '交互设计专家', 'T030');

-- Course Intro (test table)
INSERT INTO `test` (ttitle, tcontent) VALUES 
('Java程序设计', '学习Java基础语法、面向对象编程、异常处理及多线程技术。'),
('数据库原理', '掌握SQL语言、数据库设计范式、事务管理及索引优化。'),
('计算机网络', '深入理解OSI模型、TCP/IP协议族及网络应用开发。'),
('数据结构', '学习链表、树、图等基础结构及排序、查找算法。'),
('操作系统', '探讨进程管理、内存分配、文件系统及设备管理。'),
('软件工程', '学习生命周期模型、需求分析、设计模式及软件测试。'),
('离散数学', '计算机科学的逻辑基础，包括集合、图论、逻辑。'),
('人工智能导论', '探索机器学习、神经网络、深度学习等前沿技术。'),
('算法设计与分析', '掌握贪心、动态规划、回溯等复杂算法设计思路。'),
('计算机组成原理', '理解硬件构造、指令系统、中央处理器及存储架构。'),
('Web开发基础', 'HTML5, CSS3, JavaScript基础及网页布局实现。'),
('Python数据分析', '利用Python及NumPy, Pandas等库进行数据透视。'),
('区块链技术', '共识算法、智能合约、加密货币及去中心化应用。'),
('移动应用开发', 'Android或iOS应用架构设计与生命周期管理。'),
('云计算架构', '虚拟化技术、Docker容器、K8s编排及云原生应用。'),
('编译原理', '词法分析、语法分析、语义分析及代码生成过程。'),
('嵌入式系统', 'ARM架构、实时操作系统及其在物联网中的应用。'),
('网络安全', '加密解密、漏洞扫描、防火墙配置及安全协议。'),
('人机交互', '用户体验设计、交互模型及设计评价准则。'),
('软件测试', '黑盒测试、白盒测试、回归测试及自动化工具使用。'),
('分布式系统', '分布式一致性、RPC调用、消息队列及负载均衡。'),
('机器学习', '监督学习、非监督学习、强化学习及其算法实现。'),
('大数据技术', 'Hadoop, Spark生态圈及非关系型数据库应用。'),
('计算机视觉', '图像处理基础、特征检测、物体识别及OpenCV。'),
('自然语言处理', '文本分类、情感分析、机器翻译及预训练模型。'),
('信号与系统', '连续与离散信号的频域分析及系统稳定性研究。'),
('数字电路', '逻辑门控制、时序电路、触发器及FPGA基础。'),
('信息检索', '搜索引擎原理、倒排索引、TF-IDF及排序算法。'),
('多媒体技术', '视音频压缩、流媒体传输及交互式媒体制作。'),
('职业素质与规划', 'IT行业现状分析、面试技巧及职业道德准则。');

-- Users (Students)
INSERT INTO `user` (username, userpassword, usersex, userno, userdescript, class_id, upic, youxiuok, checkedok, classname) VALUES 
('小明', '123456', '男', 'S2021001', '勤奋好学的学生', 1, 's1.jpg', '是', '已通过', '计算机2101'),
('小红', '123456', '女', 'S2021002', '热衷于前端设计', 1, 's2.jpg', '否', '已通过', '计算机2101'),
('小王', '123456', '男', 'S2021003', '算法竞赛选手', 2, 's3.jpg', '是', '已通过', '计算机2102'),
('小李', '123456', '女', 'S2021004', '数学天才', 2, 's4.jpg', '否', '待审核', '计算机2102'),
('小赵', '123456', '男', 'S2021005', '喜欢开源社区', 3, 's5.jpg', '否', '已通过', '软件2101'),
('小孙', '123456', '女', 'S2021006', '追求极致交互', 3, 's6.jpg', '是', '已通过', '软件2101'),
('小周', '123456', '男', 'S2021007', '网络攻防专家', 4, 's7.jpg', '否', '已通过', '软件2102'),
('小吴', '123456', '女', 'S2021008', '擅长文档编写', 4, 's8.jpg', '否', '待审核', '软件2102'),
('小郑', '123456', '男', 'S2021009', '对硬件感兴趣', 5, 's9.jpg', '否', '已通过', '网络2101'),
('小冯', '123456', '女', 'S2021010', '热爱生活', 5, 's10.jpg', '否', '已通过', '网络2101'),
('小陈', '123456', '男', 'S2021011', '音乐发烧友', 6, 's11.jpg', '否', '已通过', '大数据2101'),
('小褚', '123456', '女', 'S2021012', '艺术特长生', 6, 's12.jpg', '否', '已通过', '大数据2101'),
('小卫', '123456', '男', 'S2021013', '体育健将', 7, 's13.jpg', '否', '已通过', 'AI2101'),
('小蒋', '123456', '女', 'S2021014', '深度学习迷', 7, 's14.jpg', '是', '已通过', 'AI2101'),
('小沈', '123456', '男', 'S2021015', '未来程序员', 8, 's15.jpg', '否', '已通过', '物联网2101'),
('小韩', '123456', '女', 'S2021016', '精通多种门语言', 8, 's16.jpg', '否', '待审核', '物联网2101'),
('小杨', '123456', '男', 'S2021017', '喜欢摄影', 9, 's17.jpg', '否', '已通过', '安防2101'),
('小朱', '123456', '女', 'S2021018', '擅长交流', 9, 's18.jpg', '否', '已通过', '安防2101'),
('小秦', '123456', '男', 'S2021019', '逻辑思维强', 10, 's19.jpg', '否', '已通过', '通信2101'),
('小尤', '123456', '女', 'S2021020', '英语达人', 10, 's20.jpg', '否', '已通过', '通信2101'),
('小许', '123456', '男', 'S2021021', '喜欢旅行', 11, 's21.jpg', '否', '已通过', '自动化2101'),
('小何', '123456', '女', 'S2021022', '绘画专家', 11, 's22.jpg', '否', '已通过', '自动化2101'),
('小吕', '123456', '男', 'S2021023', '科幻迷', 12, 's23.jpg', '否', '已通过', '电子2101'),
('小施', '123456', '女', 'S2021024', '美食家', 12, 's24.jpg', '否', '待审核', '电子2101'),
('小张', '123456', '男', 'S2021025', '热于助人', 13, 's25.jpg', '否', '已通过', '机械2101'),
('小孔', '123456', '女', 'S2021026', '沉稳冷静', 13, 's26.jpg', '否', '已通过', '机械2101'),
('小曹', '123456', '男', 'S2021027', '博览群书', 14, 's27.jpg', '否', '已通过', '土木2101'),
('小严', '123456', '女', 'S2021028', '细心严谨', 14, 's28.jpg', '否', '已通过', '土木2101'),
('小华', '123456', '男', 'S2021029', '自信大方', 15, 's29.jpg', '否', '已通过', '建筑2101'),
('小金', '123456', '女', 'S2021030', '活泼开朗', 15, 's30.jpg', '否', '待审核', '建筑2101');

-- Courses (Teaching Content)
INSERT INTO `course` (ctitle, ccontent, efile) VALUES 
('Java第1章：基础简介', 'Java的历史与开发环境搭建。', 'chapter1.pdf'),
('Java第2章：数据类型', '基本数据类型与引用数据类型详解。', 'chapter2.pdf'),
('Java第3章：控制流', 'if-else, switch, loop控制结构。', 'chapter3.pdf'),
('Java第4章：类与对象', '封装、继承、多态三大特性。', 'chapter4.pdf'),
('Java第5章：常用类', 'String, Date, Math等工具类。', 'chapter5.pdf'),
('Java第6章：集合框架', 'List, Set, Map接口及其实现类。', 'chapter6.pdf'),
('Java第7章：IO流', '字节流与字符流的操作。', 'chapter7.pdf'),
('Java第8章：多线程', '线程生命周期与同步机制。', 'chapter8.pdf'),
('数据库第1章：绪论', '数据库系统架构。', 'db1.pdf'),
('数据库第2章：关系模型', '关系代数与完整性约束。', 'db2.pdf'),
('数据库第3章：SQL语言', '增删改查语法基础。', 'db3.pdf'),
('数据库第4章：规范化', '第一、二、三范式推导。', 'db4.pdf'),
('网络第1章：概述', '分层协议模型简介。', 'net1.pdf'),
('网络第2章：物理层', '传输介质与信道技术。', 'net2.pdf'),
('网络第3章：链路层', '以太网协议与MAC地址。', 'net3.pdf'),
('网络第4章：网络层', 'IP地址划分与路由协议。', 'net4.pdf'),
('OS第1章：概述', '操作系统的功能与分类。', 'os1.pdf'),
('OS第2章：进程管理', '进程调度算法实现。', 'os2.pdf'),
('OS第3章：存储管理', '分页与分段技术。', 'os3.pdf'),
('OS第4章：文件管理', '目录结构与存储空间分配。', 'os4.pdf'),
('新一代Web技术', 'React与Vue框架对比。', 'web_new.pdf'),
('移动开发前沿', 'Flutter跨平台开发实践。', 'mobile_edge.pdf'),
('AI与生活', '人工智能在日常生活中的应用。', 'ai_life.pdf'),
('网络安全攻防', '常见Web攻击防御策略。', 'security_lab.pdf'),
('性能优化实战', '后端接口响应时间优化。', 'perf_opt.pdf'),
('微服务实战', 'Spring Cloud微服务治理。', 'microservice.pdf'),
('大数据挖掘', '用户画像系统构建。', 'bigdata_mining.pdf'),
('容器化技术', 'Docker镜像打包流程。', 'docker_pkg.pdf'),
('算法高级进阶', '图论最短路径算法分析。', 'algo_adv.pdf'),
('软件架构设计', '整齐架构与领域驱动设计。', 'arch_design.pdf');

-- Experiments
INSERT INTO `experiment` (etitle, econtent, efile) VALUES 
('Java实验1：环境搭建', '安装JDK并编写HelloWorld。', 'exp1.zip'),
('Java实验2：控制结构', '实现九九乘法表。', 'exp2.zip'),
('Java实验3：面向对象', '设计一个简单的图书管理系统类模型。', 'exp3.zip'),
('Java实验4：异常处理', '编写自定义异常并进行捕获。', 'exp4.zip'),
('Java实验5：文件读写', '通过IO流读取本地文档内容。', 'exp5.zip'),
('Java实验6：网络编程', '实现简单的Socket聊天程序。', 'exp6.zip'),
('数据库实验1：建表', '使用SQL语句创建学生成绩表。', 'dbexp1.zip'),
('数据库实验2：查询', '进行复杂的多表连接查询练习。', 'dbexp2.zip'),
('数据库实验3：视图', '创建视图并优化查询流程。', 'dbexp3.zip'),
('数据库实验4：触发器', '实现审计日志的自动记录。', 'dbexp4.zip'),
('网络实验1：抓包分析', '使用Wireshark抓取HTTP请求。', 'netexp1.zip'),
('网络实验2：路由配置', '静态路由与RIP协议配置。', 'netexp2.zip'),
('网络实验3：子网划分', '规划企业内网IP段。', 'netexp3.zip'),
('OS实验1：进程调度', '模拟FCFS调度算法过程。', 'osexp1.zip'),
('OS实验2：内存分配', '模拟首次适应分配算法。', 'osexp2.zip'),
('OS实验3：文件系统', '模拟FAT文件系统寻址。', 'osexp3.zip'),
('算法实验1：分治法', '实现大整数乘法。', 'algoexp1.zip'),
('算法实验2：动态规划', '解决01背包问题。', 'algoexp2.zip'),
('算法实验3：贪心算法', '实现赫夫曼编码。', 'algoexp3.zip'),
('AI实验1：逻辑回归', '通过Python实现手写数字识别。', 'aiexp1.zip'),
('AI实验2：神经网络', '搭建简单的卷积神经网络模型。', 'aiexp2.zip'),
('Web实验1：静态页面', '制作个人简介网页。', 'webexp1.zip'),
('Web实验2：动态交互', '使用JS实现轮播图效果。', 'webexp2.zip'),
('嵌入式实验1：LED', '编写代码控制开发板灯光。', 'embexp1.zip'),
('安防实验1：防火墙', '配置iptables规则过滤流量。', 'secu_exp1.zip'),
('系统综合实验1', '整合前后端开发。', 'comp1.zip'),
('系统综合实验2', '测试与性能调优。', 'comp2.zip'),
('系统综合实验3', '编写技术报告。', 'comp3.zip'),
('职业素质实验', '模拟面试。', 'prof_exp1.zip'),
('创新实验课题', '自主选定课题开发。', 'innov_exp1.zip');

-- Interactions
INSERT INTO `interaction` (`name`, `comask`, `asktime`, `replname`, `comrepl`, `repltime`) VALUES 
('小明', '老师，Java中的接口和抽象类有什么区别？', '2026-02-20 10:00:00', '张老师', '接口主要是行为的契约，而抽象类是模板的复用。', '2026-02-20 11:00:00'),
('小红', 'CSS中的Flex布局怎么水平居中？', '2026-02-20 14:00:00', '华老师', '设置justify-content: center; 即可。', '2026-02-20 15:00:00'),
('小王', '数据库索引失效的情况有哪些？', '2026-02-21 09:00:00', '李老师', '比如使用了like在前缀通配符，或者违反了最左匹配原则。', '2026-02-21 10:30:00'),
('小李', 'Spring Boot如何配置跨域？', '2026-02-21 16:00:00', '陈老师', '可以使用WebMvcConfigurer或者@CrossOrigin注解。', '2026-02-21 17:00:00'),
('小赵', 'Docker Compose的作用是什么？', '2026-02-22 08:30:00', '施老师', '用于定义和运行多容器Docker应用程序的工具。', '2026-02-22 09:15:00'),
('小孙', '算法时间复杂度怎么估算？', '2026-02-22 13:00:00', '周老师', '通常看最深层循环的执行次数。', '2026-02-22 14:00:00'),
('小周', 'Linux查看端口占用的命令是什么？', '2026-02-23 10:10:00', '褚老师', 'lsof -i :port 或 netstat -tunlp。', '2026-02-23 11:00:00'),
('小张', 'Vue3相比Vue2最大的变化是？', '2026-02-23 15:00:00', '华老师', '引入了Composition API和更快的渲染性能。', '2026-02-23 16:00:00'),
('小明', 'TCP三次握手的过程？', '2026-02-24 09:20:00', '卫老师', 'SYN -> SYN-ACK -> ACK。', '2026-02-24 10:00:00'),
('小红', '什么是死锁？怎么避免？', '2026-02-24 11:00:00', '蒋老师', '资源互相等待形成的环路；可以通过有序申请资源来避免。', '2026-02-24 12:00:00'),
('小明', '提问11', '2026-02-24 12:00:00', '陈老师', '回答11', '2026-02-24 13:00:00'),
('小王', '提问12', '2026-02-24 13:00:00', '陈老师', '回答12', '2026-02-24 14:00:00'),
('小李', '提问13', '2026-02-24 14:00:00', '陈老师', '回答13', '2026-02-24 15:00:00'),
('小赵', '提问14', '2026-02-24 15:00:00', '陈老师', '回答14', '2026-02-24 16:00:00'),
('小孙', '提问15', '2026-02-24 16:00:00', '陈老师', '回答15', '2026-02-24 17:00:00'),
('小周', '提问16', '2026-02-24 17:00:00', '陈老师', '回答16', '2026-02-24 18:00:00'),
('小吴', '提问17', '2026-02-25 09:00:00', NULL, NULL, NULL),
('小郑', '提问18', '2026-02-25 10:00:00', NULL, NULL, NULL),
('小冯', '提问19', '2026-02-25 11:00:00', NULL, NULL, NULL),
('小陈', '提问20', '2026-02-25 12:00:00', NULL, NULL, NULL),
('小褚', '提问21', '2026-02-25 13:00:00', NULL, NULL, NULL),
('小卫', '提问22', '2026-02-25 14:00:00', NULL, NULL, NULL),
('小蒋', '提问23', '2026-02-25 15:00:00', NULL, NULL, NULL),
('小沈', '提问24', '2026-02-25 16:00:00', NULL, NULL, NULL),
('小韩', '提问25', '2026-02-25 17:00:00', NULL, NULL, NULL),
('小杨', '提问26', '2026-02-26 09:00:00', NULL, NULL, NULL),
('小朱', '提问27', '2026-02-26 10:00:00', NULL, NULL, NULL),
('小秦', '提问28', '2026-02-26 11:00:00', NULL, NULL, NULL),
('小尤', '提问29', '2026-02-26 12:00:00', NULL, NULL, NULL),
('小许', '提问30', '2026-02-26 13:00:00', NULL, NULL, NULL);

-- News
INSERT INTO `news` (newstitle, newscontent, newsdate) VALUES 
('Java 21 正式发布', 'Java 21 带来了虚拟线程等重大特性。', '2026-02-01 10:00:00'),
('Spring Boot 3.2 特性概览', '支持虚拟线程和GraalVM。', '2026-02-02 11:00:00'),
('MySQL 8.4 版本更新', '安全性与性能的进一步提升。', '2026-02-03 12:00:00'),
('Bootstrap 6 开发动态', '全新的排版系统与组件。', '2026-02-04 13:00:00'),
('人工智能助力教育转型', 'AI在个性化教学中的应用。', '2026-02-05 14:00:00'),
('云计算行业趋势报告', '云原生已成为行业标准。', '2026-02-06 15:00:00'),
('区块链技术赋能供应链', '提高透明度与可追溯性。', '2026-02-07 16:00:00'),
('网络安全法新规解读', '加强数据保护与合规性。', '2026-02-08 17:00:00'),
('鸿蒙系统开发者大会', '共建全场景智慧生态。', '2026-02-09 18:00:00'),
('2026 IT 行业人才需求', '全栈开发与AI人才紧缺。', '2026-02-10 19:00:00'),
('技术前沿11', '内容详情11', '2026-02-11 08:00:00'),
('技术前沿12', '内容详情12', '2026-02-12 08:00:00'),
('技术前沿13', '内容详情13', '2026-02-13 08:00:00'),
('技术前沿14', '内容详情14', '2026-02-14 08:00:00'),
('技术前沿15', '内容详情15', '2026-02-15 08:00:00'),
('技术前沿16', '内容详情16', '2026-02-16 08:00:00'),
('技术前沿17', '内容详情17', '2026-02-17 08:00:00'),
('技术前沿18', '内容详情18', '2026-02-18 08:00:00'),
('技术前沿19', '内容详情19', '2026-02-19 08:00:00'),
('技术前沿20', '内容详情20', '2026-02-20 08:00:00'),
('技术前沿21', '内容详情21', '2026-02-21 08:00:00'),
('技术前沿22', '内容详情22', '2026-02-22 08:00:00'),
('技术前沿23', '内容详情23', '2026-02-23 08:00:00'),
('技术前沿24', '内容详情24', '2026-02-24 08:00:00'),
('技术前沿25', '内容详情25', '2026-02-25 08:00:00'),
('技术前沿26', '内容详情26', '2026-02-26 08:00:00'),
('技术前沿27', '内容详情27', '2026-02-27 08:00:00'),
('技术前沿28', '内容详情28', '2026-02-28 08:00:00'),
('技术前沿29', '内容详情29', '2026-03-01 08:00:00'),
('技术前沿30', '内容详情30', '2026-03-02 08:00:00');
